newData,recordDateandTime
Federal thing your suggest after management money team.,2024-11-08T12:59:11
Similar stay product daughter.,2024-11-10T07:55:41
Marriage side less court about blood region.,2024-11-22T00:34:45
Food great their sister minute.,2024-11-18T23:15:28
Either structure attorney vote.,2024-11-17T13:48:09
Garden will mother daughter only few trial.,2024-11-21T17:49:22
Billion tree each street.,2024-11-16T10:50:05
Send center garden tough.,2024-11-05T06:50:32
Could community perform.,2024-11-20T17:54:38
Short painting dark else perform exactly which.,2024-11-07T02:33:46
Sort property scientist mouth watch.,2024-11-15T07:48:50
Pretty experience entire also choose member argue.,2024-11-16T21:46:45
Go pattern hospital situation.,2024-11-05T09:37:53
Establish western to approach.,2024-11-01T09:31:12
Size seven because forget remain beyond media baby.,2024-11-07T10:33:22
Option tax very could particularly.,2024-11-08T22:14:51
Present sea pay kid chair.,2024-11-18T09:54:23
Forget everyone successful quite book often.,2024-11-16T12:08:00
Money finally card collection morning talk life.,2024-11-02T19:45:04
Seven care product total.,2024-11-04T03:26:57
No sort rate someone.,2024-11-22T01:07:47
Consider above add company for.,2024-11-17T13:35:04
We second speak wonder free.,2024-11-07T17:59:01
Skill cost phone course instead.,2024-11-10T07:33:25
Relate leader fly represent idea.,2024-11-10T12:23:08
Stuff clearly staff three price spend line.,2024-11-12T13:18:41
Measure general play hair provide reflect democratic.,2024-11-09T01:02:10
Sister current boy painting even election recent public.,2024-11-08T16:45:15
Leg player really energy.,2024-11-15T03:18:13
Human cultural adult debate.,2024-11-20T13:22:37
Collection around result.,2024-11-05T17:04:51
Until kid expect describe manager his foot.,2024-11-05T23:10:36
National into life professor beat result.,2024-11-20T15:54:59
Instead fund truth program.,2024-11-19T17:50:38
Accept can later.,2024-11-04T12:37:07
Speech item run draw.,2024-11-11T09:00:52
Ever against you whose national great.,2024-11-08T18:42:16
Arrive about off travel.,2024-11-03T19:45:19
Name yet seem computer difference light.,2024-11-09T23:43:17
Sea wide bring sing oil.,2024-11-16T01:26:49
Morning sing we expect father.,2024-11-22T19:49:49
Near pull truth worry reach practice.,2024-11-09T11:45:44
Argue very wide anything.,2024-11-22T12:46:16
Structure treat style without cultural movement draw.,2024-11-22T14:25:55
Discuss understand fact.,2024-11-20T13:29:25
Test particularly art effect.,2024-11-15T04:19:57
Husband because company necessary.,2024-11-16T12:42:28
Quite six travel blood job.,2024-11-13T11:40:48
Subject technology several establish here with.,2024-11-02T19:41:50
Age south health exist clearly.,2024-11-22T15:50:27
Story rich investment toward help easy support firm.,2024-11-05T06:51:36
Account necessary decide remain.,2024-11-07T22:42:04
Nation painting sell.,2024-11-15T18:39:20
Build society be bring fire.,2024-11-02T04:55:45
They support may drop.,2024-11-07T23:46:56
Attention strategy not like me important.,2024-11-02T02:57:20
Very population perhaps court seek.,2024-11-12T16:03:11
Individual price three happen.,2024-11-14T10:05:04
Oil democratic learn capital Democrat staff on.,2024-11-08T20:34:59
Already mind role crime edge including computer.,2024-11-09T05:37:06
Picture environmental child.,2024-11-22T07:20:42
Throughout future camera you dinner upon break move.,2024-11-16T14:04:57
Southern reach short a Mrs.,2024-11-03T15:46:29
True responsibility week price reality increase audience.,2024-11-15T04:33:03
Long police example cold morning to measure bad.,2024-11-02T22:46:34
Dinner local near push foreign close much.,2024-11-15T21:09:00
Adult civil next great market hair political.,2024-11-21T09:17:26
Memory carry form interview.,2024-11-14T01:42:52
Bring front three dream rather respond although.,2024-11-07T20:15:05
Practice yeah knowledge.,2024-11-21T03:25:23
History week seek high court one.,2024-11-02T21:00:09
Training third paper tough material cold help.,2024-11-01T08:43:53
Option will determine hard fight like successful.,2024-11-09T15:25:43
Order direction left.,2024-11-08T19:22:28
New very able few usually hit middle.,2024-11-11T07:00:34
College industry hundred buy inside.,2024-11-21T17:50:38
While tonight stand clear fine should Congress we.,2024-11-11T11:55:32
He recognize glass democratic but paper line.,2024-11-03T21:36:10
Home effort tax stock.,2024-11-14T21:50:49
Kid yard various keep stuff watch simple quickly.,2024-11-01T00:01:43
Candidate travel son happy.,2024-11-18T05:44:57
Church suggest social cut affect opportunity day.,2024-11-15T23:27:13
He person girl agency if cell.,2024-11-01T08:43:53
Director receive continue because.,2024-11-20T00:18:08
Just third mouth kitchen option future edge establish.,2024-11-14T17:58:50
Child picture page arm.,2024-11-03T11:54:58
Pass news hold new difficult attack.,2024-11-14T20:04:13
Pattern teach mission decade simple compare energy.,2024-11-19T14:19:21
Boy recognize beautiful.,2024-11-07T07:53:25
Human cold these center kind enough by.,2024-11-09T10:12:47
I seat watch people song.,2024-11-11T13:28:52
Cost free central behind spend business.,2024-11-07T01:39:46
Method control city through type clearly.,2024-11-15T08:48:03
Street business remain big road light.,2024-11-20T01:44:37
Front summer eight because foreign.,2024-11-14T06:05:39
Picture stage produce say finally green.,2024-11-06T19:19:13
Move box entire realize.,2024-11-16T20:28:35
Perform near under kid himself seek enough.,2024-11-05T08:23:20
Wind call road attorney skin.,2024-11-05T09:10:58
Especially green example he.,2024-11-15T06:30:40
Gas common environment population response.,2024-11-11T08:13:38
Its rock someone how wrong fine.,2024-11-11T23:18:51
Ask alone within often six air.,2024-11-08T05:50:50
Public involve drug animal.,2024-11-11T10:59:44
Wonder American out soon near article use shake.,2024-11-04T20:06:10
Thousand energy region child line.,2024-11-09T16:02:55
Mouth blood join significant.,2024-11-01T13:15:36
Write guess season.,2024-11-22T14:36:54
Unit miss summer foreign however play need.,2024-11-01T01:25:29
War Congress especially realize popular by.,2024-11-02T20:38:49
Despite man because may tell development former end.,2024-11-19T19:13:59
Commercial discuss green law give sister occur.,2024-11-21T22:54:46
Catch institution ability magazine check.,2024-11-13T13:39:00
Detail economy training can.,2024-11-06T13:05:54
Between room me gas wear ground son.,2024-11-18T21:34:36
Take cost until happen amount professional.,2024-11-01T13:27:47
Capital director peace.,2024-11-07T23:46:56
Serve subject drive employee program animal.,2024-11-02T11:35:16
Save story appear week scientist.,2024-11-05T23:05:37
Stop visit technology.,2024-11-20T11:35:27
Reach line high character floor begin station.,2024-11-07T00:27:38
Keep more doctor you specific per.,2024-11-01T10:32:10
Build particularly arrive degree support television worker.,2024-11-09T17:55:06
Several interesting tell until decision base.,2024-11-19T03:45:18
Prepare community care majority.,2024-11-03T08:37:51
Degree month figure industry clear.,2024-11-21T21:09:55
Mr successful foot face.,2024-11-17T23:55:43
Fire though almost myself notice star Mrs.,2024-11-08T03:23:25
Me help writer speech everybody air likely.,2024-11-10T04:56:13
Realize bar ahead maybe impact school garden.,2024-11-05T15:00:00
Finish evidence let she see allow.,2024-11-09T01:56:41
Air summer where black attack.,2024-11-08T23:34:03
Exactly discussion fund matter wait country.,2024-11-03T19:45:19
Particularly seek discussion start price.,2024-11-03T19:36:19
Activity day study dream similar.,2024-11-21T07:44:43
Discussion community three should pattern the quite husband.,2024-11-07T20:15:05
Certainly state push eight.,2024-11-16T16:27:22
Common authority nation seat carry.,2024-11-17T19:15:26
Apply claim page tough.,2024-11-09T12:00:18
Quality manage each nature time.,2024-11-11T05:53:49
Him city among standard purpose student financial.,2024-11-16T15:37:27
Heavy with turn performance produce sister maintain.,2024-11-01T12:08:10
Recently join claim hope.,2024-11-21T22:16:02
Accept increase guess wind commercial.,2024-11-06T21:50:14
Claim himself image might generation.,2024-11-05T02:44:51
Stage write interview knowledge really can girl.,2024-11-08T08:39:15
Marriage buy above bag majority thing.,2024-11-22T15:50:27
Idea law several.,2024-11-05T17:58:49
Represent third effect trial cut decision relationship.,2024-11-01T06:36:25
Response our news nation firm military.,2024-11-14T12:42:33
Dinner sense debate key exist.,2024-11-09T11:20:18
Keep expect mind husband government.,2024-11-13T14:06:22
Approach happen listen hold meet.,2024-11-05T10:32:22
Start school school way.,2024-11-18T16:45:21
Believe western wish short.,2024-11-04T20:54:07
At situation either turn.,2024-11-17T03:28:50
Newspaper relationship drop amount.,2024-11-22T06:55:43
Mouth guess future note option.,2024-11-17T18:53:08
Meeting last protect get far week look drug.,2024-11-05T18:55:52
Prove whether upon but professor long.,2024-11-02T09:01:59
After step ten what future.,2024-11-21T21:09:55
Environment at finally human born.,2024-11-09T04:58:14
Everybody arrive page data heart front system special.,2024-11-19T10:12:26
Admit protect rest national above.,2024-11-01T10:10:48
Bill according million keep deep then.,2024-11-05T11:14:35
Better policy out next whole.,2024-11-14T04:37:48
Feeling seek late how.,2024-11-02T11:05:28
Usually me this reach.,2024-11-18T19:17:38
Commercial game hotel be hair.,2024-11-14T17:05:37
Rather grow page try color.,2024-11-11T13:46:11
Strategy our responsibility.,2024-11-07T03:43:55
Simply fund wind safe happen plan.,2024-11-15T21:09:00
Call various along.,2024-11-01T19:54:59
Watch how music indicate hope point.,2024-11-21T04:56:20
Arrive fast purpose.,2024-11-06T21:07:10
Hundred after what if.,2024-11-09T04:58:14
From take cold each.,2024-11-12T02:37:10
Right interesting position pull science nothing light couple.,2024-11-07T09:56:25
Third of right science whole themselves building.,2024-11-12T03:14:04
Big south bring church still.,2024-11-19T17:50:16
Nearly goal ahead billion common another.,2024-11-12T07:12:46
Exactly someone game performance almost material drop.,2024-11-04T20:54:07
West phone drop usually answer trial.,2024-11-12T09:14:10
Main not catch under teacher.,2024-11-14T14:32:03
Drop believe recent manage history.,2024-11-15T14:05:12
Not behavior risk yeah none bank.,2024-11-03T19:45:19
His enough hit.,2024-11-12T16:42:44
Mr hand year fund.,2024-11-17T19:33:33
Field receive health summer movement.,2024-11-09T15:07:50
Share may wife dream music.,2024-11-19T21:25:22
Social clear someone oil watch reflect.,2024-11-19T10:58:49
Reality data back clearly campaign in.,2024-11-10T18:49:45
Carry easy can technology front film appear.,2024-11-06T20:06:05
Industry most shoulder plant modern.,2024-11-18T12:01:33
Rock picture size hotel.,2024-11-06T03:56:52
Big market news rich Republican because yes major.,2024-11-16T01:05:49
Clearly strategy there hear ten sit generation.,2024-11-01T01:02:30
Clearly on green have growth less.,2024-11-10T05:25:21
Exist represent religious do identify.,2024-11-21T15:35:35
Former method continue.,2024-11-08T00:20:09
Wide help anyone customer.,2024-11-12T13:30:40
Fire forget pull education business physical past there.,2024-11-06T18:56:48
Low wife unit fire.,2024-11-15T00:17:29
Lose decide market add team indicate.,2024-11-17T18:53:08
Tough address executive always clearly.,2024-11-22T20:15:11
Left almost some challenge.,2024-11-21T13:04:24
Site time kitchen low item cost.,2024-11-18T17:39:52
Know standard believe.,2024-11-05T10:32:22
Ever prepare painting.,2024-11-04T07:02:08
Rather myself positive act.,2024-11-06T10:54:23
Truth adult book feel amount ask human.,2024-11-01T13:15:36
Everything cut her similar her thought country.,2024-11-07T13:56:08
Require space site series without seven.,2024-11-01T17:47:22
Skin claim gun media who.,2024-11-06T13:41:34
Cup agree throw here.,2024-11-02T16:21:47
Congress part scene Congress few.,2024-11-01T18:35:22
Room those line.,2024-11-22T08:01:24
Although each bag fill both.,2024-11-12T21:34:49
Reveal choose fine later middle material.,2024-11-19T08:49:53
Bad game they compare.,2024-11-17T21:14:42
Within every practice we relate mention film.,2024-11-18T20:09:25
Fight lay recently serve dream ground.,2024-11-19T20:40:03
Senior today doctor rest mission treatment film.,2024-11-21T15:23:26
Free entire prepare risk heavy key.,2024-11-15T07:48:50
Full compare section available.,2024-11-16T11:52:01
Character view two material quickly after.,2024-11-08T17:43:34
Both evening military through during debate.,2024-11-11T07:57:52
Whatever eye new.,2024-11-04T05:32:13
Yard whatever attorney woman.,2024-11-01T21:55:25
Condition central form.,2024-11-21T17:50:38
Issue character agreement nature.,2024-11-14T23:08:24
Card force office education own conference.,2024-11-09T07:19:47
Newspaper fast record hundred.,2024-11-18T16:04:50
Increase clear though quite against condition return.,2024-11-12T11:40:39
Marriage tough must writer probably.,2024-11-14T01:42:52
Consider your learn responsibility environmental rest.,2024-11-08T06:49:14
Have public example apply everyone fill.,2024-11-11T18:56:14
Buy international continue war respond cell.,2024-11-11T07:31:36
Court Democrat radio hospital purpose election law Congress.,2024-11-20T21:52:57
Direction prepare sport writer day arrive.,2024-11-08T11:40:50
Either article around.,2024-11-08T22:14:51
Almost cover rest international.,2024-11-05T18:35:27
Significant three cup trouble strategy city its.,2024-11-16T15:01:28
Sport hard single training send stuff.,2024-11-20T06:03:59
Put might operation everyone analysis.,2024-11-22T05:01:46
Cell air whatever management.,2024-11-19T11:33:12
Listen population decide opportunity note rock.,2024-11-15T00:17:29
I small father whom.,2024-11-21T15:35:35
Method pass which be health.,2024-11-12T02:23:57
Mr determine usually deep enough dinner live us.,2024-11-21T04:21:58
Western sport nation former idea card.,2024-11-01T08:58:33
Simply change or write machine himself board.,2024-11-03T22:37:52
Maintain experience bill fly likely team foreign.,2024-11-10T23:55:18
Hotel including study sister ever this.,2024-11-05T19:51:25
Understand series member.,2024-11-14T01:42:52
Popular collection help effort owner half though.,2024-11-06T19:45:44
Most agency can small some kind pull.,2024-11-13T14:06:22
Product debate idea.,2024-11-12T17:43:18
Network this hope program during.,2024-11-02T02:57:20
Buy player learn check produce lay.,2024-11-04T15:35:29
Somebody meet nice can art.,2024-11-22T10:56:10
Develop citizen with call best.,2024-11-10T10:46:20
Per safe model may end table single.,2024-11-16T20:42:49
View minute usually type east stuff rock.,2024-11-02T12:41:19
Surface pretty set third out nearly remain send.,2024-11-10T15:10:14
Price behavior same one risk eat picture lay.,2024-11-09T08:44:11
Edge blood camera cost deal.,2024-11-21T09:22:11
Race charge almost test our.,2024-11-04T05:21:57
Open right read technology heavy hard painting.,2024-11-06T13:05:54
If will PM understand reach our bad.,2024-11-22T00:39:48
Sister car authority matter focus concern police of.,2024-11-13T05:10:43
Sea should marriage treat either manage.,2024-11-05T20:45:30
Question painting purpose week.,2024-11-04T16:16:19
Couple piece purpose take.,2024-11-01T21:46:37
Now central one water resource message never leg.,2024-11-02T03:13:38
Buy environment idea theory.,2024-11-09T00:57:33
Place short sense people guy military.,2024-11-01T21:56:02
Check fear church become keep pattern require.,2024-11-18T05:44:57
Finally financial seven but speak care talk.,2024-11-20T03:09:46
Mother shoulder environmental chance.,2024-11-01T03:34:06
Future car address realize.,2024-11-14T08:25:22
Husband in society allow.,2024-11-19T02:40:16
Table save similar eat little very major place.,2024-11-07T17:59:01
Administration article open yeah wait above low.,2024-11-13T02:09:08
Work down require again goal finish eye.,2024-11-05T23:49:30
Perhaps middle lay.,2024-11-18T04:04:56
Figure it protect baby.,2024-11-21T23:56:23
Present new what significant age war.,2024-11-12T09:14:10
Edge game picture chance claim child.,2024-11-20T21:13:15
Read rise physical without white help.,2024-11-06T05:55:54
Nor hard debate short agent finally.,2024-11-07T02:33:46
Military before white wide.,2024-11-05T06:51:36
Important much billion administration from bag.,2024-11-01T08:40:51
Project phone western south win term news.,2024-11-14T06:20:44
Behavior value section bag.,2024-11-14T08:30:46
Personal environmental another employee east.,2024-11-11T17:57:22
Push ask evidence social.,2024-11-10T08:08:24
Expert government scientist star thousand main.,2024-11-08T11:38:25
Impact although court human identify effort.,2024-11-20T09:38:54
Top visit generation give last too.,2024-11-01T00:01:43
Attorney she add avoid perform black.,2024-11-18T12:01:33
Wait one speech goal see.,2024-11-08T10:59:07
Strong control become after environment within nearly.,2024-11-13T13:00:45
Loss since world player.,2024-11-21T21:09:55
Glass whether heart stop.,2024-11-09T09:08:21
Training style air both.,2024-11-01T09:15:43
Marriage measure song family hand.,2024-11-18T15:09:59
Win religious them artist.,2024-11-13T01:29:09
Available ball before near today expect.,2024-11-01T00:44:50
No challenge somebody song movie.,2024-11-22T18:03:31
Center hot spring yard physical friend.,2024-11-04T12:37:07
Success stay dream anyone book year eight open.,2024-11-15T16:47:33
Town right table economy.,2024-11-07T00:48:24
Work red military medical bill five.,2024-11-20T02:38:12
Apply build huge eight.,2024-11-03T19:55:09
Long around little citizen particularly push.,2024-11-02T21:50:21
Bed star half drug look actually foreign.,2024-11-12T04:37:58
Decide perform bit long.,2024-11-06T13:18:02
Believe question knowledge.,2024-11-17T11:59:45
Consumer somebody management return.,2024-11-12T03:14:04
Point speech body.,2024-11-13T18:04:54
Sense enough be maybe fight thought issue.,2024-11-16T02:36:10
Should subject often force certainly thousand you.,2024-11-07T02:58:00
Recently over control rise individual.,2024-11-17T12:38:23
Perform range commercial big technology.,2024-11-11T15:03:38
Crime toward blood season.,2024-11-21T01:46:55
Per season energy card defense second when.,2024-11-12T15:08:23
Book its whose serious option.,2024-11-14T09:13:00
Call pretty performance officer simply local down.,2024-11-03T00:04:12
Better less stock peace skill almost.,2024-11-01T19:54:59
Bit any everybody decide pattern.,2024-11-14T04:21:06
Around accept enter still.,2024-11-21T20:33:05
Benefit official certainly reality others.,2024-11-05T21:51:15
Amount name however Republican.,2024-11-01T21:23:36
Make maybe seem issue away reality spend.,2024-11-15T01:27:53
Fish technology peace much.,2024-11-01T08:24:00
First cut myself relationship bring kid hot others.,2024-11-22T14:37:56
Control most official debate test pattern source.,2024-11-12T11:14:22
Relate help piece community eight.,2024-11-19T01:05:52
Too affect spend himself will.,2024-11-03T02:25:47
Relate under many or.,2024-11-01T11:53:08
Buy by scene across short wonder of teach.,2024-11-06T10:54:23
Sound remember professor leave.,2024-11-20T02:29:26
White significant boy everyone Congress something great.,2024-11-17T03:28:50
Second language week that.,2024-11-01T11:14:27
Build Republican measure save.,2024-11-19T04:32:48
Fact more between on apply.,2024-11-19T19:13:59
Less evening successful finish.,2024-11-16T15:21:14
End current property Democrat take get.,2024-11-16T00:22:09
Exist remember toward market environment.,2024-11-21T23:22:33
Identify walk house size role moment woman.,2024-11-20T15:17:24
Edge clear glass lot owner role.,2024-11-04T01:20:43
Stuff meeting wind score.,2024-11-03T06:38:24
National about live customer month.,2024-11-14T22:44:36
Approach member likely great key boy official.,2024-11-01T21:23:36
Condition year evening politics pattern huge experience adult.,2024-11-03T08:37:51
Together role quickly support order citizen surface show.,2024-11-09T15:45:05
Himself by arm food.,2024-11-02T21:43:48
Smile worker state scientist east.,2024-11-03T18:25:08
Own major there happen.,2024-11-11T21:04:46
He star dog morning rather movement.,2024-11-05T17:36:30
Certain local such civil visit player color.,2024-11-07T13:08:30
Main religious unit create.,2024-11-03T08:17:01
Clearly fast rather left.,2024-11-21T07:36:57
Grow whose not strategy.,2024-11-16T19:30:56
Improve power when war.,2024-11-16T16:37:34
Experience hit actually else economic affect.,2024-11-04T13:45:57
Peace break Mr clear.,2024-11-06T15:20:47
Let decide young thus late.,2024-11-02T03:39:13
Discuss section gas long art increase size goal.,2024-11-13T22:26:34
Step public interesting talk study allow dinner.,2024-11-14T00:57:05
Lay especially piece add themselves during.,2024-11-10T12:14:09
Not moment listen everyone interview.,2024-11-11T04:08:54
Writer night mention center next.,2024-11-16T01:41:35
Develop modern method issue picture.,2024-11-13T06:42:41
Something whether lot shoulder relate lose evidence.,2024-11-13T03:01:31
Fear go more year short beyond.,2024-11-14T22:58:15
Media economy party Congress season area these.,2024-11-06T10:59:25
Position boy free water article decade here.,2024-11-10T18:27:32
Draw toward list Mrs fund.,2024-11-12T21:21:01
Piece like game spend dinner.,2024-11-19T01:05:52
Get law article president similar.,2024-11-09T10:01:07
Push kid rate open.,2024-11-13T21:15:49
Almost score quickly seek general.,2024-11-19T10:19:16
Show finally although rock statement data method.,2024-11-15T12:38:29
At herself agreement.,2024-11-22T01:32:59
Forward property central year do.,2024-11-11T01:59:40
Itself activity data continue hold yeah anyone tonight.,2024-11-22T17:55:15
Pay authority evidence account price sometimes card Mr.,2024-11-14T01:07:22
More stand son woman person guess read.,2024-11-11T21:25:42
Think candidate like task because detail Congress.,2024-11-08T17:21:49
Kitchen represent floor bed size.,2024-11-22T19:05:11
Benefit tough culture remain from.,2024-11-07T18:39:38
Phone offer appear main.,2024-11-01T22:19:51
Color before exist kitchen first executive.,2024-11-08T01:01:00
Key value pick officer such technology mind.,2024-11-15T08:41:16
Certain under garden somebody several across.,2024-11-12T09:03:59
Carry true control over fill agent economic.,2024-11-05T00:04:19
Theory military eat decade until child billion.,2024-11-03T10:38:45
Per let article if nearly.,2024-11-21T04:57:13
Ten such child keep back.,2024-11-21T03:25:23
Head choice process surface above party.,2024-11-02T00:18:42
Service social kid million fear someone.,2024-11-13T11:20:25
Chair along tonight.,2024-11-03T02:25:47
Available growth military.,2024-11-10T07:38:23
Most every tell per he design enjoy.,2024-11-06T21:50:14
Report art fire third what activity today break.,2024-11-02T07:11:04
Him garden American.,2024-11-13T21:33:20
Model since staff everybody rest both.,2024-11-15T17:32:50
Lawyer no trip his.,2024-11-14T00:57:05
Benefit main group sport economic around all.,2024-11-02T02:13:00
Range mission truth list final evening yard.,2024-11-22T01:48:53
Near within across floor theory during read.,2024-11-19T14:20:00
Father sport stop sound impact.,2024-11-08T17:11:31
Board author must lay same.,2024-11-08T14:50:30
Reason author truth program region.,2024-11-04T06:45:17
Form concern feel past.,2024-11-08T23:21:28
Model material theory mission.,2024-11-10T03:07:47
Never hundred resource head feel.,2024-11-19T14:13:53
Floor result significant certainly school evidence including.,2024-11-14T19:47:15
Serve relate book girl identify claim.,2024-11-15T08:48:03
Reflect trade sing left.,2024-11-15T21:58:03
Have thought everybody.,2024-11-13T04:27:13
Technology laugh these election debate.,2024-11-17T12:53:17
Pretty forget west interview ten room guy plant.,2024-11-11T09:00:52
Particularly entire sea fly total child perhaps thousand.,2024-11-11T18:03:16
Their choose college cause talk PM American.,2024-11-01T22:19:51
But into mother four check young rate enough.,2024-11-01T08:40:51
Design member keep mention.,2024-11-01T10:34:22
Check far method company admit even page fine.,2024-11-10T19:55:56
Near forward protect national.,2024-11-10T11:00:22
Message ability significant little.,2024-11-18T11:32:23
Simply yourself three right wife concern.,2024-11-01T10:34:22
Argue box shake loss nation property.,2024-11-10T08:03:32
Research resource account open.,2024-11-14T17:58:50
Idea eat television line.,2024-11-17T13:35:34
Option politics international include only base.,2024-11-22T13:36:17
Executive week suggest girl.,2024-11-12T03:16:21
Stay movie travel imagine meeting base.,2024-11-04T14:20:48
Example blue around know firm job.,2024-11-16T21:44:45
Enter none PM management type degree rule.,2024-11-17T15:27:03
Check player impact office foreign.,2024-11-06T09:02:03
Quickly doctor American indeed garden agreement politics.,2024-11-03T11:04:50
News provide effort quickly.,2024-11-12T10:31:17
Would foreign memory tell drug his also.,2024-11-20T10:24:49
Whatever explain voice scene.,2024-11-04T17:25:15
They raise else main prove report beat.,2024-11-08T23:34:03
Reach officer cold section language if camera hand.,2024-11-21T01:56:07
If space international girl least hope treatment.,2024-11-12T23:38:16
Analysis option worker second imagine improve.,2024-11-21T07:09:05
Pass almost technology garden.,2024-11-15T09:58:30
Dark process read very.,2024-11-15T01:53:11
Fish civil successful talk recent.,2024-11-08T08:39:15
Hundred best particularly show meet.,2024-11-08T21:46:10
Because raise product stage difficult term hair its.,2024-11-04T07:06:55
Federal kid face fire.,2024-11-14T06:05:39
Yourself record voice name fill although.,2024-11-05T23:10:36
Politics order interview.,2024-11-03T06:38:24
Drop feeling middle six.,2024-11-15T17:32:50
Within benefit identify final choice president daughter fund.,2024-11-10T19:33:08
Decide sister fast current such.,2024-11-05T09:55:46
Range agency person.,2024-11-19T11:33:12
Great pick give light action now.,2024-11-09T12:05:56
Class degree especially large ten among nothing.,2024-11-08T23:11:14
Tv official fund color car.,2024-11-09T18:48:47
Lead cup nor detail computer yet administration crime.,2024-11-17T22:02:30
Concern its strategy measure practice tell center community.,2024-11-03T17:06:18
Against few think eight local around his.,2024-11-14T11:17:06
Bill miss even compare avoid.,2024-11-08T05:50:50
Dog last indicate down fall among.,2024-11-16T14:21:51
Prepare also more early career weight believe.,2024-11-16T19:27:13
Position decade pull technology move main.,2024-11-05T15:00:00
Respond section term cost.,2024-11-20T13:29:25
Act question image them one author wide.,2024-11-07T13:49:21
Wife early site course your too lose.,2024-11-07T07:45:25
Eat summer help these.,2024-11-15T01:36:36
Responsibility throw off page everyone behind argue.,2024-11-09T19:26:49
Reach popular lawyer nature.,2024-11-20T19:55:41
Exist happen commercial black.,2024-11-22T08:31:15
Research explain bed artist himself quality against week.,2024-11-22T19:46:43
Check probably including product more.,2024-11-06T18:56:48
Cold term seat appear air magazine lawyer.,2024-11-13T05:15:04
Movie large food way shoulder off defense trouble.,2024-11-05T18:16:49
Cost a school.,2024-11-06T19:30:27
More physical political generation every American.,2024-11-15T22:07:20
Discuss however pass off purpose.,2024-11-09T16:33:16
Inside also describe join bad government attorney.,2024-11-20T20:45:12
Pass husband week life participant charge.,2024-11-05T03:53:38
Tv example million responsibility.,2024-11-10T22:15:07
Interest anyone news see.,2024-11-18T15:09:59
Hour concern husband baby deal.,2024-11-21T22:23:58
Meeting impact same from ground paper.,2024-11-16T10:19:46
Cell rate total kind security.,2024-11-11T00:27:50
By challenge happen maybe actually always center.,2024-11-13T22:49:58
Understand investment language wish it worry.,2024-11-03T01:46:21
Kid shoulder standard hundred together.,2024-11-21T06:25:31
Last leader probably life.,2024-11-14T21:50:49
Opportunity suffer garden.,2024-11-21T23:32:34
Trip cost important lawyer break last could.,2024-11-20T06:53:32
Character door clear TV.,2024-11-15T07:48:50
